Countries,Urban
United States,802053.5923
Europe,390687.3584
China,380679.3
Africa,140495.027
Indonesia,42076.82813
Australia,36745.70313